,full_text
215,RT @hottoysofficial: #HotToys 1/6th scale #TheScarletWitch collectible figure from #MarvelStudios #WandaVision is available for pre-order n‚Ä¶
216,RT @hottoysofficial: #HotToys 1/6th scale #Vision collectible figure from #MarvelStudios #WandaVision is available for pre-order now! https‚Ä¶
217,RT @hottoysofficial: #HotToys 1/6th scale #TheScarletWitch collectible figure from #MarvelStudios #WandaVision is available for pre-order n‚Ä¶
203,RT @hottoysofficial: #HotToys 1/6th scale #TheScarletWitch collectible figure from #MarvelStudios #WandaVision is available for pre-order n‚Ä¶
272,RT @hottoysofficial: #HotToys 1/6th scale #MilesMorales (2020¬†Suit) collectible figure from #SpiderManPS5 is available for pre-order now! h‚Ä¶
218,RT @hottoysofficial: #HotToys 1/6th scale #TheScarletWitch collectible figure from #MarvelStudios #WandaVision is available for pre-order n‚Ä¶
169,RT @hottoysofficial: #HotToys 1/6th scale #BoKatanKryze collectible figure from #StarWars #TheMandalorian is available for pre-order now! h‚Ä¶
219,RT @hottoysofficial: #HotToys 1/6th scale #Vision collectible figure from #MarvelStudios #WandaVision is available for pre-order now! https‚Ä¶
220,RT @hottoysofficial: #HotToys 1/6th scale #TheScarletWitch collectible figure from #MarvelStudios #WandaVision is available for pre-order n‚Ä¶
181,RT @hottoysofficial: #HotToys 1/6th scale #TheScarletWitch collectible figure from #MarvelStudios #WandaVision is available for pre-order n‚Ä¶
182,RT @hottoysofficial: #HotToys 1/6th scale #Vision collectible figure from #MarvelStudios #WandaVision is available for pre-order now! https‚Ä¶
170,If only I had any money to spare on unnecessary toys. https://t.co/YjKiYM7knd
273,RT @bluboy4ever: @hottoysofficial Are you guys doing the twins also? üòç https://t.co/54EgQAjcqn
171,Look at the Witch! https://t.co/cpCmhtmkw2
158,@hottoysofficial Incredible!! üòçüòç #ScarletWitch
274,RT @hottoysofficial: #HotToys 1/6th scale #TheScarletWitch collectible figure from #MarvelStudios #WandaVision is available for pre-order n‚Ä¶
275,RT @hottoysofficial: #HotToys 1/6th scale #TheScarletWitch collectible figure from #MarvelStudios #WandaVision is available for pre-order n‚Ä¶
276,RT @hottoysofficial: #HotToys 1/6th scale #Vision collectible figure from #MarvelStudios #WandaVision is available for pre-order now! https‚Ä¶
237,RT @hottoysofficial: #HotToys 1/6th scale #TheScarletWitch collectible figure from #MarvelStudios #WandaVision is available for pre-order n‚Ä¶
416,#GeorgeReeves as #Supermanüòäüôèüèª‚ù§Ô∏è @DCComics @WarnerMedia @jasonkilar My dream is for @hottoysofficial to make a 1:6 scale figure of George as both #ClarkKent and #KalEl! https://t.co/2lKIh0Mw1w https://t.co/EZ6jU9yzes
183,RT @hottoysofficial: Three years since Hot Toys‚Äô Black Panther collection was first introduced. #WakandaForever Special thanks goes to @col‚Ä¶
277,RT @hottoysofficial: #HotToys 1/6th scale #BobaFett collectible figure (Deluxe &amp; Regular) from #StarWars #TheMandalorian  is available for‚Ä¶
238,RT @hottoysofficial: #HotToys 1/6th scale #Vision collectible figure from #MarvelStudios #WandaVision is available for pre-order now! https‚Ä¶
239,RT @hottoysofficial: #HotToys 1/6th scale #TheScarletWitch collectible figure from #MarvelStudios #WandaVision is available for pre-order n‚Ä¶
278,RT @hottoysofficial: #HotToys 1/6th scale #TheScarletWitch collectible figure from #MarvelStudios #WandaVision is available for pre-order n‚Ä¶
240,"@hottoysofficial These figures, both Wanda and Vision , are gorgeous. I love all of your figs, I just wish I could afford to collect them. LOL"
279,RT @hottoysofficial: #HotToys 1/6th scale #Vision collectible figure from #MarvelStudios #WandaVision is available for pre-order now! https‚Ä¶
141,@kevs_solis @hottoysofficial @filbarsonline Thank you!
280,RT @hottoysofficial: #HotToys 1/6th scale #Vision collectible figure from #MarvelStudios #WandaVision is available for pre-order now! https‚Ä¶
281,RT @hottoysofficial: #HotToys 1/6th scale #TheScarletWitch collectible figure from #MarvelStudios #WandaVision is available for pre-order n‚Ä¶
282,RT @hottoysofficial: #HotToys 1/6th scale #Vision collectible figure from #MarvelStudios #WandaVision is available for pre-order now! https‚Ä¶
283,RT @hottoysofficial: #HotToys 1/6th scale #TheScarletWitch collectible figure from #MarvelStudios #WandaVision is available for pre-order n‚Ä¶
221,RT @hottoysofficial: #HotToys 1/6th scale #TheScarletWitch collectible figure from #MarvelStudios #WandaVision is available for pre-order n‚Ä¶
184,RT @hottoysofficial: #HotToys 1/6th scale #TheScarletWitch collectible figure from #MarvelStudios #WandaVision is available for pre-order n‚Ä¶
284,RT @hottoysofficial: #HotToys 1/6th scale #TheScarletWitch collectible figure from #MarvelStudios #WandaVision is available for pre-order n‚Ä¶
185,RT @hottoysofficial: #HotToys 1/6th scale #TheScarletWitch collectible figure from #MarvelStudios #WandaVision is available for pre-order n‚Ä¶
428,"Is it really an impulse buy when there's a payment plan for said impulse buy? 

I'm going with no no it isn't. @hottoysofficial #WandaVison figures can't come out soon enough üòçüòçüòç"
285,RT @hottoysofficial: #HotToys 1/6th scale #Vision collectible figure from #MarvelStudios #WandaVision is available for pre-order now! https‚Ä¶
204,RT @hottoysofficial: #HotToys 1/6th scale #TheScarletWitch collectible figure from #MarvelStudios #WandaVision is available for pre-order n‚Ä¶
241,@hottoysofficial I also hope 1/6th scale #TheScarletWitch collectible figure from End Game .
145,@bogolance @hottoysofficial @filbarsonline You‚Äôre welcome. I‚Äôm sure you‚Äôll enjoy the figure &amp; you might start getting addicted when you see it in person. Packaging and quality is top notch from hot toys üëåüèª
286,"Hey, Miss Wanda. https://t.co/vl9CZpg0n9"
287,RT @hottoysofficial: #HotToys 1/6th scale #TheScarletWitch collectible figure from #MarvelStudios #WandaVision is available for pre-order n‚Ä¶
242,RT @hottoysofficial: #HotToys 1/6th scale #TheScarletWitch collectible figure from #MarvelStudios #WandaVision is available for pre-order n‚Ä¶
288,@hottoysofficial Why is there no wedding ring on visionü§î
289,RT @hottoysofficial: #HotToys 1/6th scale #Vision collectible figure from #MarvelStudios #WandaVision is available for pre-order now! https‚Ä¶
290,RT @hottoysofficial: #HotToys 1/6th scale #TheScarletWitch collectible figure from #MarvelStudios #WandaVision is available for pre-order n‚Ä¶
205,RT @hottoysofficial: #HotToys 1/6th scale #Vision collectible figure from #MarvelStudios #WandaVision is available for pre-order now! https‚Ä¶
172,RT @hottoysofficial: #HotToys 1/6th scale #TheScarletWitch collectible figure from #MarvelStudios #WandaVision is available for pre-order n‚Ä¶
417,"@Darksim007 @hottoysofficial Would love a Knightmare Joker, Knightmare Flash, Deathstroke both normal and Knightmare."
173,RT @hottoysofficial: #HotToys 1/6th scale #BoKatanKryze collectible figure from #StarWars #TheMandalorian is available for pre-order now! h‚Ä¶
146,"@kevs_solis @hottoysofficial @filbarsonline Oh nice, actually ""cheaper"" than I expected. Never really saw the appeal of these figs pero Scarlet Witch eh soüòÖü§∑üèΩ‚Äç‚ôÇÔ∏è. Thank you!"
243,RT @hottoysofficial: #HotToys 1/6th scale #TheScarletWitch collectible figure from #MarvelStudios #WandaVision is available for pre-order n‚Ä¶
147,Gimme gimme gimmeüòç #WandaVision #ScarletWitch https://t.co/cuozMNFwiL
148,RT @hottoysofficial: #HotToys 1/6th scale #Vision collectible figure from #MarvelStudios #WandaVision is available for pre-order now! https‚Ä¶
291,RT @hottoysofficial: #HotToys 1/6th scale #Vision collectible figure from #MarvelStudios #WandaVision is available for pre-order now! https‚Ä¶
244,RT @hottoysofficial: #HotToys 1/6th scale #Vision collectible figure from #MarvelStudios #WandaVision is available for pre-order now! https‚Ä¶
292,RT @hottoysofficial: #HotToys 1/6th scale #TheScarletWitch collectible figure from #MarvelStudios #WandaVision is available for pre-order n‚Ä¶
418,"RT @collectsideshow: Watch as Amy highlights Captain America‚Äôs final battle Sixth Scale Figure by Hot Toys.

https://t.co/76HmD9mSap

@hott‚Ä¶"
245,RT @hottoysofficial: #HotToys 1/6th scale #TheScarletWitch collectible figure from #MarvelStudios #WandaVision is available for pre-order n‚Ä¶
186,RT @hottoysofficial: #HotToys 1/6th scale #BobaFett collectible figure (Deluxe &amp; Regular) from #StarWars #TheMandalorian  is available for‚Ä¶
149,@bogolance @hottoysofficial @filbarsonline Deposit is 3300. The entire figure is 13200. You just pay the remaining 9900 when the figure arrives
246,RT @hottoysofficial: #HotToys 1/6th scale #TheScarletWitch collectible figure from #MarvelStudios #WandaVision is available for pre-order n‚Ä¶
187,RT @hottoysofficial: #HotToys 1/6th scale #BoKatanKryze collectible figure from #StarWars #TheMandalorian is available for pre-order now! h‚Ä¶
137,RT @hottoysofficial: #HotToys 1/6th scale #TheScarletWitch collectible figure from #MarvelStudios #WandaVision is available for pre-order n‚Ä¶
188,RT @hottoysofficial: #HotToys 1/6th scale #Vision collectible figure from #MarvelStudios #WandaVision is available for pre-order now! https‚Ä¶
189,RT @hottoysofficial: #HotToys 1/6th scale #TheScarletWitch collectible figure from #MarvelStudios #WandaVision is available for pre-order n‚Ä¶
222,RT @hottoysofficial: #HotToys 1/6th scale #TheScarletWitch collectible figure from #MarvelStudios #WandaVision is available for pre-order n‚Ä¶
247,RT @hottoysofficial: #HotToys 1/6th scale #Vision collectible figure from #MarvelStudios #WandaVision is available for pre-order now! https‚Ä¶
419,@DaBeardedXeno @hottoysofficial Also if i get another shot at knightmare bats
293,@hottoysofficial Pre ordered mine today!
150,"@kevs_solis @hottoysofficial @filbarsonline Would like to pre-order this, how much lahat babayaran?"
294,RT @hottoysofficial: #HotToys 1/6th scale #Vision collectible figure from #MarvelStudios #WandaVision is available for pre-order now! https‚Ä¶
295,RT @hottoysofficial: #HotToys 1/6th scale #Vision collectible figure from #MarvelStudios #WandaVision is available for pre-order now! https‚Ä¶
248,RT @hottoysofficial: #HotToys 1/6th scale #Vision collectible figure from #MarvelStudios #WandaVision is available for pre-order now! https‚Ä¶
249,@hottoysofficial Pre-ordered
420,"RT @collectsideshow: Watch as Amy highlights Captain America‚Äôs final battle Sixth Scale Figure by Hot Toys.

https://t.co/76HmD9mSap

@hott‚Ä¶"
250,@hottoysofficial I asked about this the other day dreams do come true üòÅüòÅ
142,RT @hottoysofficial: #HotToys 1/6th scale #BoKatanKryze collectible figure from #StarWars #TheMandalorian is available for pre-order now! h‚Ä¶
174,RT @hottoysofficial: #HotToys 1/6th scale #TheScarletWitch collectible figure from #MarvelStudios #WandaVision is available for pre-order n‚Ä¶
251,RT @hottoysofficial: #HotToys 1/6th scale #TheScarletWitch collectible figure from #MarvelStudios #WandaVision is available for pre-order n‚Ä¶
296,RT @hottoysofficial: #HotToys 1/6th scale #TheScarletWitch collectible figure from #MarvelStudios #WandaVision is available for pre-order n‚Ä¶
297,RT @hottoysofficial: #HotToys 1/6th scale #TheScarletWitch collectible figure from #MarvelStudios #WandaVision is available for pre-order n‚Ä¶
298,RT @hottoysofficial: #HotToys 1/6th scale #Vision collectible figure from #MarvelStudios #WandaVision is available for pre-order now! https‚Ä¶
299,RT @hottoysofficial: #HotToys 1/6th scale #TheScarletWitch collectible figure from #MarvelStudios #WandaVision is available for pre-order n‚Ä¶
300,RT @hottoysofficial: #HotToys 1/6th scale #TheScarletWitch collectible figure from #MarvelStudios #WandaVision is available for pre-order n‚Ä¶
301,RT @hottoysofficial: #HotToys 1/6th scale #Vision collectible figure from #MarvelStudios #WandaVision is available for pre-order now! https‚Ä¶
159,RT @hottoysofficial: #HotToys 1/6th scale #TheScarletWitch collectible figure from #MarvelStudios #WandaVision is available for pre-order n‚Ä¶
421,"RT @collectsideshow: Watch as Amy highlights Captain America‚Äôs final battle Sixth Scale Figure by Hot Toys.

https://t.co/76HmD9mSap

@hott‚Ä¶"
302,RT @hottoysofficial: #HotToys 1/6th scale #TheScarletWitch collectible figure from #MarvelStudios #WandaVision is available for pre-order n‚Ä¶
422,@DaBeardedXeno @hottoysofficial Im going to fuckin flip my shit if we get a 1/6 scale Darky I swear to god
151,RT @hottoysofficial: #HotToys 1/6th scale #TheScarletWitch collectible figure from #MarvelStudios #WandaVision is available for pre-order n‚Ä¶
303,RT @hottoysofficial: #HotToys 1/6th scale #TheScarletWitch collectible figure from #MarvelStudios #WandaVision is available for pre-order n‚Ä¶
304,RT @hottoysofficial: #HotToys 1/6th scale #Vision collectible figure from #MarvelStudios #WandaVision is available for pre-order now! https‚Ä¶
423,@collectsideshow @hottoysofficial yes.....me wants Cap....
305,RT @hottoysofficial: #HotToys 1/6th scale #TheScarletWitch collectible figure from #MarvelStudios #WandaVision is available for pre-order n‚Ä¶
306,RT @hottoysofficial: #HotToys 1/6th scale #Vision collectible figure from #MarvelStudios #WandaVision is available for pre-order now! https‚Ä¶
308,RT @hottoysofficial: #HotToys 1/6th scale #TheScarletWitch collectible figure from #MarvelStudios #WandaVision is available for pre-order n‚Ä¶
307,RT @hottoysofficial: #HotToys 1/6th scale #TheScarletWitch collectible figure from #MarvelStudios #WandaVision is available for pre-order n‚Ä¶
175,RT @hottoysofficial: #HotToys 1/6th scale #Vision collectible figure from #MarvelStudios #WandaVision is available for pre-order now! https‚Ä¶
309,Rip my wallet https://t.co/mWKFeKEjQ5
190,RT @hottoysofficial: #HotToys 1/6th scale #TheScarletWitch collectible figure from #MarvelStudios #WandaVision is available for pre-order n‚Ä¶
424,"RT @collectsideshow: Watch as Amy highlights Captain America‚Äôs final battle Sixth Scale Figure by Hot Toys.

https://t.co/76HmD9mSap

@hott‚Ä¶"
310,RT @hottoysofficial: #HotToys 1/6th scale #Vision collectible figure from #MarvelStudios #WandaVision is available for pre-order now! https‚Ä¶
311,RT @hottoysofficial: #HotToys 1/6th scale #TheScarletWitch collectible figure from #MarvelStudios #WandaVision is available for pre-order n‚Ä¶
252,RT @hottoysofficial: #HotToys 1/6th scale #TheScarletWitch collectible figure from #MarvelStudios #WandaVision is available for pre-order n‚Ä¶
312,RT @hottoysofficial: #HotToys 1/6th scale #Vision collectible figure from #MarvelStudios #WandaVision is available for pre-order now! https‚Ä¶
191,RT @hottoysofficial: #HotToys 1/6th scale #TheScarletWitch collectible figure from #MarvelStudios #WandaVision is available for pre-order n‚Ä¶
313,RT @hottoysofficial: #HotToys 1/6th scale #TheScarletWitch collectible figure from #MarvelStudios #WandaVision is available for pre-order n‚Ä¶
192,RT @hottoysofficial: #HotToys 1/6th scale #TheScarletWitch collectible figure from #MarvelStudios #WandaVision is available for pre-order n‚Ä¶
314,RT @hottoysofficial: #HotToys 1/6th scale #TheScarletWitch collectible figure from #MarvelStudios #WandaVision is available for pre-order n‚Ä¶
315,@hottoysofficial @LaReinaCreole is this better than what you saw yesterday?
316,RT @hottoysofficial: #HotToys 1/6th scale #TheScarletWitch collectible figure from #MarvelStudios #WandaVision is available for pre-order n‚Ä¶
425,"Watch as Amy highlights Captain America‚Äôs final battle Sixth Scale Figure by Hot Toys.

https://t.co/76HmD9mSap

@hottoysofficial #SideshowCollectibles #CaptainAmerica #Marvel #CaptainAmericaDay https://t.co/R9kA5Kmw5u"
317,RT @hottoysofficial: #HotToys 1/6th scale #Vision collectible figure from #MarvelStudios #WandaVision is available for pre-order now! https‚Ä¶
152,RT @hottoysofficial: #HotToys 1/6th scale #TheScarletWitch collectible figure from #MarvelStudios #WandaVision is available for pre-order n‚Ä¶
223,Really like that this came with 2 Grogus I can now display OG Mando with one as well @hottoysofficial #StarWars https://t.co/2hiflrC71X
429,@Darksim007 Paging @hottoysofficial
253,RT @hottoysofficial: #HotToys 1/6th scale #Vision collectible figure from #MarvelStudios #WandaVision is available for pre-order now! https‚Ä¶
224,RT @hottoysofficial: #HotToys 1/6th scale #TheScarletWitch collectible figure from #MarvelStudios #WandaVision is available for pre-order n‚Ä¶
318,RT @hottoysofficial: #HotToys 1/6th scale #Vision collectible figure from #MarvelStudios #WandaVision is available for pre-order now! https‚Ä¶
206,RT @hottoysofficial: #HotToys 1/6th scale #MilesMorales (2020¬†Suit) collectible figure from #SpiderManPS5 is available for pre-order now! h‚Ä¶
138,RT @hottoysofficial: #HotToys 1/6th scale #BoKatanKryze collectible figure from #StarWars #TheMandalorian is available for pre-order now! h‚Ä¶
176,RT @hottoysofficial: #HotToys 1/6th scale #Vision collectible figure from #MarvelStudios #WandaVision is available for pre-order now! https‚Ä¶
160,RT @hottoysofficial: #HotToys 1/6th scale #BoKatanKryze collectible figure from #StarWars #TheMandalorian is available for pre-order now! h‚Ä¶
225,RT @hottoysofficial: #HotToys 1/6th scale #Vision collectible figure from #MarvelStudios #WandaVision is available for pre-order now! https‚Ä¶
319,Totally love this figure. https://t.co/Y2lR2xpC32
207,RT @hottoysofficial: #HotToys 1/6th scale #TheScarletWitch collectible figure from #MarvelStudios #WandaVision is available for pre-order n‚Ä¶
320,RT @hottoysofficial: #HotToys 1/6th scale #TheScarletWitch collectible figure from #MarvelStudios #WandaVision is available for pre-order n‚Ä¶
321,RT @hottoysofficial: #HotToys 1/6th scale #Vision collectible figure from #MarvelStudios #WandaVision is available for pre-order now! https‚Ä¶
254,RT @hottoysofficial: #HotToys 1/6th scale #TheScarletWitch collectible figure from #MarvelStudios #WandaVision is available for pre-order n‚Ä¶
322,RT @hottoysofficial: #HotToys 1/6th scale #Vision collectible figure from #MarvelStudios #WandaVision is available for pre-order now! https‚Ä¶
208,RT @hottoysofficial: #HotToys 1/6th scale #TheScarletWitch collectible figure from #MarvelStudios #WandaVision is available for pre-order n‚Ä¶
255,RT @hottoysofficial: #HotToys 1/6th scale #TheScarletWitch collectible figure from #MarvelStudios #WandaVision is available for pre-order n‚Ä¶
323,RT @hottoysofficial: #HotToys 1/6th scale #TheScarletWitch collectible figure from #MarvelStudios #WandaVision is available for pre-order n‚Ä¶
324,RT @hottoysofficial: #HotToys 1/6th scale #Vision collectible figure from #MarvelStudios #WandaVision is available for pre-order now! https‚Ä¶
325,RT @hottoysofficial: #HotToys 1/6th scale #Vision collectible figure from #MarvelStudios #WandaVision is available for pre-order now! https‚Ä¶
326,Might need to add this to the collection https://t.co/7afM4niT6l
327,RT @hottoysofficial: #HotToys 1/6th scale #TheScarletWitch collectible figure from #MarvelStudios #WandaVision is available for pre-order n‚Ä¶
328,RT @hottoysofficial: #HotToys 1/6th scale #TheScarletWitch collectible figure from #MarvelStudios #WandaVision is available for pre-order n‚Ä¶
329,RT @hottoysofficial: #HotToys 1/6th scale #Vision collectible figure from #MarvelStudios #WandaVision is available for pre-order now! https‚Ä¶
193,@hottoysofficial Looks like the cvil war toy
330,RT @hottoysofficial: #HotToys 1/6th scale #TheScarletWitch collectible figure from #MarvelStudios #WandaVision is available for pre-order n‚Ä¶
256,RT @hottoysofficial: #HotToys 1/6th scale #Vision collectible figure from #MarvelStudios #WandaVision is available for pre-order now! https‚Ä¶
226,Awesome figure. Although at this point I'm a bit biased lol I love everything that @hottoysofficial does #StarWars always top of the line.. https://t.co/EkptdT4efl
331,RT @hottoysofficial: #HotToys 1/6th scale #Vision collectible figure from #MarvelStudios #WandaVision is available for pre-order now! https‚Ä¶
332,RT @hottoysofficial: #HotToys 1/6th scale #TheScarletWitch collectible figure from #MarvelStudios #WandaVision is available for pre-order n‚Ä¶
333,RT @hottoysofficial: #HotToys 1/6th scale #TheScarletWitch collectible figure from #MarvelStudios #WandaVision is available for pre-order n‚Ä¶
334,RT @hottoysofficial: #HotToys 1/6th scale #Vision collectible figure from #MarvelStudios #WandaVision is available for pre-order now! https‚Ä¶
153,RT @hottoysofficial: #HotToys 1/6th scale #TheScarletWitch collectible figure from #MarvelStudios #WandaVision is available for pre-order n‚Ä¶
335,RT @hottoysofficial: #HotToys 1/6th scale #TheScarletWitch collectible figure from #MarvelStudios #WandaVision is available for pre-order n‚Ä¶
336,RT @hottoysofficial: #HotToys 1/6th scale #TheScarletWitch collectible figure from #MarvelStudios #WandaVision is available for pre-order n‚Ä¶
337,RT @hottoysofficial: #HotToys 1/6th scale #Vision collectible figure from #MarvelStudios #WandaVision is available for pre-order now! https‚Ä¶
338,RT @SenseiUcu: LOOK AT HER FACE https://t.co/1MTmJukMna https://t.co/Qph0hsj9q0
339,@hottoysofficial The lack of the chair from the show is a missed opportunity
340,RT @hottoysofficial: #HotToys 1/6th scale #Vision collectible figure from #MarvelStudios #WandaVision is available for pre-order now! https‚Ä¶
177,RT @hottoysofficial: #HotToys 1/6th scale #Vision collectible figure from #MarvelStudios #WandaVision is available for pre-order now! https‚Ä¶
161,RT @hottoysofficial: #HotToys 1/6th scale #TheScarletWitch collectible figure from #MarvelStudios #WandaVision is available for pre-order n‚Ä¶
227,RT @hottoysofficial: #HotToys 1/6th scale #TheScarletWitch collectible figure from #MarvelStudios #WandaVision is available for pre-order n‚Ä¶
162,Anyone pre ordered the #WandaVision figures?! They're going to look nice next to my cap and spidey @hottoysofficial  #mcu #collectibles #myhobby #ihavenospace https://t.co/R8xwWqQqay
228,@hottoysofficial @heelvsbabyface Already pre-ordered
229,"@hottoysofficial #WandaVision #MCU #XMen 

The #ScarletWitch -- MCU's first X-Man (or X-Woman in this case)"
154,"How cool is that?!?!. @kateesackhoff likenesss from THE MANDALORIAN has been turned into a 12"" deluxe Bo-Katan action figure. https://t.co/gX7mWlIU8A"
341,RT @hottoysofficial: #HotToys 1/6th scale #TheScarletWitch collectible figure from #MarvelStudios #WandaVision is available for pre-order n‚Ä¶
257,Really tempted lol #WandaVision #Marvel https://t.co/wtBhsQGf2Z
342,"@hottoysofficial Ok, this I will buy."
343,RT @hottoysofficial: #HotToys 1/6th scale #Vision collectible figure from #MarvelStudios #WandaVision is available for pre-order now! https‚Ä¶
344,"@holybullies @hottoysofficial Colors are more vibrant on the newer one. Seems like it has a new beefer body as well, cape also seems more vibrant https://t.co/hD4WlPb4vF"
345,"@holybullies @hottoysofficial from the looks of it, a bigger package üòÇ"
194,RT @hottoysofficial: #HotToys 1/6th scale #TheScarletWitch collectible figure from #MarvelStudios #WandaVision is available for pre-order n‚Ä¶
195,RT @hottoysofficial: #HotToys 1/6th scale #Vision collectible figure from #MarvelStudios #WandaVision is available for pre-order now! https‚Ä¶
196,RT @hottoysofficial: #HotToys 1/6th scale #TheScarletWitch collectible figure from #MarvelStudios #WandaVision is available for pre-order n‚Ä¶
346,RT @hottoysofficial: #HotToys 1/6th scale #TheScarletWitch collectible figure from #MarvelStudios #WandaVision is available for pre-order n‚Ä¶
347,#HotToys 1/6th scale #Vision collectible figure from #MarvelStudios #WandaVision is available for pre-order now! https://t.co/4AUuiqUqIH https://t.co/uzlRhhdZnH
348,#HotToys 1/6th scale #TheScarletWitch collectible figure from #MarvelStudios #WandaVision is available for pre-order now! #Wanda https://t.co/QKWP27vZXs https://t.co/QXkWIDxAO5
230,He looks pretty dope for how small he is.. @hottoysofficial #StarWars this set actually comes with 2 separate Grogus.. https://t.co/7EB4HmdR5b
163,RT @hottoysofficial: #HotToys 1/6th scale #TheScarletWitch collectible figure from #MarvelStudios #WandaVision is available for pre-order n‚Ä¶
349,RT @hottoysofficial: #HotToys 1/6th scale #Vision collectible figure from #MarvelStudios #WandaVision is available for pre-order now! https‚Ä¶
350,RT @hottoysofficial: #HotToys 1/6th scale #Vision collectible figure from #MarvelStudios #WandaVision is available for pre-order now! https‚Ä¶
351,RT @hottoysofficial: #HotToys 1/6th scale #TheScarletWitch collectible figure from #MarvelStudios #WandaVision is available for pre-order n‚Ä¶
352,RT @hottoysofficial: #HotToys 1/6th scale #Vision collectible figure from #MarvelStudios #WandaVision is available for pre-order now! https‚Ä¶
353,RT @hottoysofficial: #HotToys 1/6th scale #TheScarletWitch collectible figure from #MarvelStudios #WandaVision is available for pre-order n‚Ä¶
164,RT @hottoysofficial: #HotToys 1/6th scale #BoKatanKryze collectible figure from #StarWars #TheMandalorian is available for pre-order now! h‚Ä¶
231,RT @hottoysofficial: #HotToys 1/6th scale #TheScarletWitch collectible figure from #MarvelStudios #WandaVision is available for pre-order n‚Ä¶
178,"@hottoysofficial Give us the director‚Äôs chair, too!"
354,RT @hottoysofficial: #HotToys 1/6th scale #Vision collectible figure from #MarvelStudios #WandaVision is available for pre-order now! https‚Ä¶
258,And pre ordered.... https://t.co/MET7oDelRg
355,RT @hottoysofficial: #HotToys 1/6th scale #TheScarletWitch collectible figure from #MarvelStudios #WandaVision is available for pre-order n‚Ä¶
197,RT @hottoysofficial: #HotToys 1/6th scale #TheScarletWitch collectible figure from #MarvelStudios #WandaVision is available for pre-order n‚Ä¶
232,RT @hottoysofficial: #HotToys 1/6th scale #Vision collectible figure from #MarvelStudios #WandaVision is available for pre-order now! https‚Ä¶
198,RT @hottoysofficial: #HotToys 1/6th scale #Vision collectible figure from #MarvelStudios #WandaVision is available for pre-order now! https‚Ä¶
356,RT @hottoysofficial: #HotToys 1/6th scale #Vision collectible figure from #MarvelStudios #WandaVision is available for pre-order now! https‚Ä¶
259,RT @hottoysofficial: #HotToys 1/6th scale #Vision collectible figure from #MarvelStudios #WandaVision is available for pre-order now! https‚Ä¶
260,RT @hottoysofficial: #HotToys 1/6th scale #TheScarletWitch collectible figure from #MarvelStudios #WandaVision is available for pre-order n‚Ä¶
357,Whoa https://t.co/5AstXTgKbA
358,RT @hottoysofficial: #HotToys 1/6th scale #TheScarletWitch collectible figure from #MarvelStudios #WandaVision is available for pre-order n‚Ä¶
179,@zavvi @hottoysofficial @ginacarano #caradune 100% ask anyone
359,RT @hottoysofficial: #HotToys 1/6th scale #TheScarletWitch collectible figure from #MarvelStudios #WandaVision is available for pre-order n‚Ä¶
360,@holybullies @hottoysofficial Let me know if you find out https://t.co/PfDXx5EBle
361,RT @hottoysofficial: #HotToys 1/6th scale #Vision collectible figure from #MarvelStudios #WandaVision is available for pre-order now! https‚Ä¶
261,RT @hottoysofficial: #HotToys 1/6th scale #Vision collectible figure from #MarvelStudios #WandaVision is available for pre-order now! https‚Ä¶
262,RT @hottoysofficial: #HotToys 1/6th scale #TheScarletWitch collectible figure from #MarvelStudios #WandaVision is available for pre-order n‚Ä¶
362,@hottoysofficial Are you guys doing the twins also? üòç https://t.co/54EgQAjcqn
363,RT @hottoysofficial: #HotToys 1/6th scale #TheScarletWitch collectible figure from #MarvelStudios #WandaVision is available for pre-order n‚Ä¶
364,RT @hottoysofficial: #HotToys 1/6th scale #Vision collectible figure from #MarvelStudios #WandaVision is available for pre-order now! https‚Ä¶
209,@hottoysofficial I WANT THIS!!!!! VISION IS MY FAVORITE MARVEL CHARACTER EVERüòÅ I also want the Obi Wan Kenobi Clone Wars Hot Toy!!For sure going to get Obi Wan before Vision sense Obi Wan is my favorite non fictional character ever! (he might not be real in the real world but he is real to me)üòç
365,RT @hottoysofficial: #HotToys 1/6th scale #Vision collectible figure from #MarvelStudios #WandaVision is available for pre-order now! https‚Ä¶
366,RT @hottoysofficial: #HotToys 1/6th scale #TheScarletWitch collectible figure from #MarvelStudios #WandaVision is available for pre-order n‚Ä¶
367,RT @hottoysofficial: #HotToys 1/6th scale #TheScarletWitch collectible figure from #MarvelStudios #WandaVision is available for pre-order n‚Ä¶
368,RT @hottoysofficial: #HotToys 1/6th scale #Vision collectible figure from #MarvelStudios #WandaVision is available for pre-order now! https‚Ä¶
369,RT @hottoysofficial: #HotToys 1/6th scale #TheScarletWitch collectible figure from #MarvelStudios #WandaVision is available for pre-order n‚Ä¶
370,RT @hottoysofficial: #HotToys 1/6th scale #Vision collectible figure from #MarvelStudios #WandaVision is available for pre-order now! https‚Ä¶
165,"RT @collectsideshow: Watch as Amy highlights Captain America‚Äôs final battle Sixth Scale Figure by Hot Toys.

https://t.co/76HmD9mSap

@hott‚Ä¶"
233,RT @hottoysofficial: #HotToys 1/6th scale #TheScarletWitch collectible figure from #MarvelStudios #WandaVision is available for pre-order n‚Ä¶
371,RT @hottoysofficial: #HotToys 1/6th scale #TheScarletWitch collectible figure from #MarvelStudios #WandaVision is available for pre-order n‚Ä¶
372,RT @hottoysofficial: #HotToys 1/6th scale #Vision collectible figure from #MarvelStudios #WandaVision is available for pre-order now! https‚Ä¶
166,RT @hottoysofficial: #HotToys 1/6th scale #Vision collectible figure from #MarvelStudios #WandaVision is available for pre-order now! https‚Ä¶
373,RT @hottoysofficial: #HotToys 1/6th scale #TheScarletWitch collectible figure from #MarvelStudios #WandaVision is available for pre-order n‚Ä¶
374,RT @hottoysofficial: #HotToys 1/6th scale #Vision collectible figure from #MarvelStudios #WandaVision is available for pre-order now! https‚Ä¶
375,RT @hottoysofficial: #HotToys 1/6th scale #Vision collectible figure from #MarvelStudios #WandaVision is available for pre-order now! https‚Ä¶
376,RT @hottoysofficial: #HotToys 1/6th scale #TheScarletWitch collectible figure from #MarvelStudios #WandaVision is available for pre-order n‚Ä¶
377,RT @hottoysofficial: #HotToys 1/6th scale #TheScarletWitch collectible figure from #MarvelStudios #WandaVision is available for pre-order n‚Ä¶
378,RT @hottoysofficial: #HotToys 1/6th scale #Vision collectible figure from #MarvelStudios #WandaVision is available for pre-order now! https‚Ä¶
379,"RT @collectsideshow: Watch as Amy highlights Captain America‚Äôs final battle Sixth Scale Figure by Hot Toys.

https://t.co/76HmD9mSap

@hott‚Ä¶"
380,RT @hottoysofficial: #HotToys 1/6th scale #TheScarletWitch collectible figure from #MarvelStudios #WandaVision is available for pre-order n‚Ä¶
381,RT @hottoysofficial: #HotToys 1/6th scale #TheScarletWitch collectible figure from #MarvelStudios #WandaVision is available for pre-order n‚Ä¶
382,@hottoysofficial what's the difference between this one and the Avengers Vision?
383,RT @hottoysofficial: #HotToys 1/6th scale #Vision collectible figure from #MarvelStudios #WandaVision is available for pre-order now! https‚Ä¶
263,RT @hottoysofficial: #HotToys 1/6th scale #Vision collectible figure from #MarvelStudios #WandaVision is available for pre-order now! https‚Ä¶
384,@hottoysofficial I need you too
385,"@hottoysofficial @heelvsbabyface I would love to get her, but money is tight right now..she looks great"
386,"someone buy me this, it‚Äôs only $250 lol https://t.co/vPJG8Am3TZ"
387,RT @hottoysofficial: #HotToys 1/6th scale #TheScarletWitch collectible figure from #MarvelStudios #WandaVision is available for pre-order n‚Ä¶
388,RT @hottoysofficial: #HotToys 1/6th scale #Vision collectible figure from #MarvelStudios #WandaVision is available for pre-order now! https‚Ä¶
180,"RT @zavvi: Which 'The Mandalorian' character would be your ideal figurine? ü§î

Epic Bo-Katan Kryze figure by @hottoysofficial üî• On site now‚Ä¶"
389,RT @hottoysofficial: #HotToys 1/6th scale #TheScarletWitch collectible figure from #MarvelStudios #WandaVision is available for pre-order n‚Ä¶
390,RT @hottoysofficial: #HotToys 1/6th scale #Vision collectible figure from #MarvelStudios #WandaVision is available for pre-order now! https‚Ä¶
167,RT @hottoysofficial: #HotToys 1/6th scale #TheScarletWitch collectible figure from #MarvelStudios #WandaVision is available for pre-order n‚Ä¶
391,RT @hottoysofficial: #HotToys 1/6th scale #Vision collectible figure from #MarvelStudios #WandaVision is available for pre-order now! https‚Ä¶
392,@hottoysofficial Agatha Harkness next please!
393,LOOK AT HER FACE https://t.co/1MTmJukMna https://t.co/Qph0hsj9q0
394,RT @hottoysofficial: #HotToys 1/6th scale #Vision collectible figure from #MarvelStudios #WandaVision is available for pre-order now! https‚Ä¶
199,RT @hottoysofficial: #HotToys 1/6th scale #TheScarletWitch collectible figure from #MarvelStudios #WandaVision is available for pre-order n‚Ä¶
395,#HotToys 1/6th scale #Vision collectible figure from #MarvelStudios #WandaVision is available for pre-order now! https://t.co/6qh2a3UN1r https://t.co/dStQry8s4U
396,RT @hottoysofficial: #HotToys 1/6th scale #TheScarletWitch collectible figure from #MarvelStudios #WandaVision is available for pre-order n‚Ä¶
426,@feiticeiraescbr @hottoysofficial deve custar 2 rins
200,RT @hottoysofficial: #HotToys 1/6th scale #Vision collectible figure from #MarvelStudios #WandaVision is available for pre-order now! https‚Ä¶
397,RT @hottoysofficial: #HotToys 1/6th scale #TheScarletWitch collectible figure from #MarvelStudios #WandaVision is available for pre-order n‚Ä¶
398,RT @hottoysofficial: #HotToys 1/6th scale #TheScarletWitch collectible figure from #MarvelStudios #WandaVision is available for pre-order n‚Ä¶
399,RT @hottoysofficial: #HotToys 1/6th scale #TheScarletWitch collectible figure from #MarvelStudios #WandaVision is available for pre-order n‚Ä¶
400,RT @hottoysofficial: #HotToys 1/6th scale #TheScarletWitch collectible figure from #MarvelStudios #WandaVision is available for pre-order n‚Ä¶
401,RT @hottoysofficial: #HotToys 1/6th scale #TheScarletWitch collectible figure from #MarvelStudios #WandaVision is available for pre-order n‚Ä¶
402,RT @hottoysofficial: #HotToys 1/6th scale #TheScarletWitch collectible figure from #MarvelStudios #WandaVision is available for pre-order n‚Ä¶
403,RT @hottoysofficial: #HotToys 1/6th scale #TheScarletWitch collectible figure from #MarvelStudios #WandaVision is available for pre-order n‚Ä¶
139,RT @hottoysofficial: #HotToys 1/6th scale #Vision collectible figure from #MarvelStudios #WandaVision is available for pre-order now! https‚Ä¶
404,RT @hottoysofficial: #HotToys 1/6th scale #TheScarletWitch collectible figure from #MarvelStudios #WandaVision is available for pre-order n‚Ä¶
405,RT @hottoysofficial: #HotToys 1/6th scale #TheScarletWitch collectible figure from #MarvelStudios #WandaVision is available for pre-order n‚Ä¶
264,RT @hottoysofficial: #HotToys 1/6th scale #TheScarletWitch collectible figure from #MarvelStudios #WandaVision is available for pre-order n‚Ä¶
406,RT @hottoysofficial: #HotToys 1/6th scale #TheScarletWitch collectible figure from #MarvelStudios #WandaVision is available for pre-order n‚Ä¶
407,RT @spacebug30: I finally added some light effects to my #ScarletWitch display. Too much to share a shelf now so she's got her own. Still a‚Ä¶
408,RT @hottoysofficial: #HotToys 1/6th scale #TheScarletWitch collectible figure from #MarvelStudios #WandaVision is available for pre-order n‚Ä¶
201,RT @hottoysofficial: #HotToys 1/6th scale #TheScarletWitch collectible figure from #MarvelStudios #WandaVision is available for pre-order n‚Ä¶
143,RT @hottoysofficial: #HotToys 1/6th scale #TheScarletWitch collectible figure from #MarvelStudios #WandaVision is available for pre-order n‚Ä¶
144,RT @hottoysofficial: #HotToys 1/6th scale #Vision collectible figure from #MarvelStudios #WandaVision is available for pre-order now! https‚Ä¶
409,RT @hottoysofficial: #HotToys 1/6th scale #TheScarletWitch collectible figure from #MarvelStudios #WandaVision is available for pre-order n‚Ä¶
410,@hottoysofficial I need it.
202,RT @hottoysofficial: #HotToys 1/6th scale #Vision collectible figure from #MarvelStudios #WandaVision is available for pre-order now! https‚Ä¶
411,RT @hottoysofficial: #HotToys 1/6th scale #TheScarletWitch collectible figure from #MarvelStudios #WandaVision is available for pre-order n‚Ä¶
412,@hottoysofficial Preordered!! Are you guys going to make her comic accurate costume from the Halloween Episode???
265,RT @hottoysofficial: #HotToys 1/6th scale #Vision collectible figure from #MarvelStudios #WandaVision is available for pre-order now! https‚Ä¶
266,RT @hottoysofficial: #HotToys 1/6th scale #TheScarletWitch collectible figure from #MarvelStudios #WandaVision is available for pre-order n‚Ä¶
413,RT @hottoysofficial: #HotToys 1/6th scale #TheScarletWitch collectible figure from #MarvelStudios #WandaVision is available for pre-order n‚Ä¶
414,RT @hottoysofficial: #HotToys 1/6th scale #TheScarletWitch collectible figure from #MarvelStudios #WandaVision is available for pre-order n‚Ä¶
427,"@collectsideshow @hottoysofficial This is going to sound like a weird question, but does the figure have the ability to hold the Darkhold?"
415,#HotToys 1/6th scale #TheScarletWitch collectible figure from #MarvelStudios #WandaVision is available for pre-order now! #Wanda https://t.co/lntkw5Ckoy https://t.co/z4RgiTgkYB
267,RT @hottoysofficial: #HotToys 1/6th scale #TheScarletWitch collectible figure from #MarvelStudios #WandaVision is available for pre-order n‚Ä¶
140,"@KenPlain @Hasbro I've learnt to make my own mind up about things like this. I have only had one issue with @NECA_TOYS, the hand braking on my Doc Brown but then again my @hottoysofficial Leia hand broke too. I'd not let it deter me from gorgeous figures."
268,This is so beautiful! I wish I could have it now! https://t.co/RcWrhYPIah
168,RT @hottoysofficial: #HotToys 1/6th scale #TheScarletWitch collectible figure from #MarvelStudios #WandaVision is available for pre-order n‚Ä¶
269,RT @hottoysofficial: #HotToys 1/6th scale #Vision collectible figure from #MarvelStudios #WandaVision is available for pre-order now! https‚Ä¶
234,RT @hottoysofficial: #HotToys 1/6th scale #TheScarletWitch collectible figure from #MarvelStudios #WandaVision is available for pre-order n‚Ä¶
155,RT @hottoysofficial: #HotToys 1/6th scale #Vision collectible figure from #MarvelStudios #WandaVision is available for pre-order now! https‚Ä¶
430,"I bought my first @hottoysofficial, I was going to wait but I caved for the Bo-Katan Kryze figure. I'm so excited now."
235,RT @hottoysofficial: #HotToys 1/6th scale #Vision collectible figure from #MarvelStudios #WandaVision is available for pre-order now! https‚Ä¶
236,RT @hottoysofficial: #HotToys 1/6th scale #TheScarletWitch collectible figure from #MarvelStudios #WandaVision is available for pre-order n‚Ä¶
210,RT @hottoysofficial: #HotToys 1/6th scale #TheScarletWitch collectible figure from #MarvelStudios #WandaVision is available for pre-order n‚Ä¶
211,RT @hottoysofficial: #HotToys 1/6th scale #Vision collectible figure from #MarvelStudios #WandaVision is available for pre-order now! https‚Ä¶
212,RT @hottoysofficial: #HotToys 1/6th scale #TheScarletWitch collectible figure from #MarvelStudios #WandaVision is available for pre-order n‚Ä¶
213,RT @hottoysofficial: #HotToys 1/6th scale #TheScarletWitch collectible figure from #MarvelStudios #WandaVision is available for pre-order n‚Ä¶
214,RT @hottoysofficial: #HotToys 1/6th scale #Vision collectible figure from #MarvelStudios #WandaVision is available for pre-order now! https‚Ä¶
270,@hottoysofficial and the #ZackSnydersJusticeLeague collectibles?
271,RT @hottoysofficial: #HotToys 1/6th scale #TheScarletWitch collectible figure from #MarvelStudios #WandaVision is available for pre-order n‚Ä¶
156,RT @hottoysofficial: #HotToys 1/6th scale #Vision collectible figure from #MarvelStudios #WandaVision is available for pre-order now! https‚Ä¶
157,RT @hottoysofficial: #HotToys 1/6th scale #TheScarletWitch collectible figure from #MarvelStudios #WandaVision is available for pre-order n‚Ä¶
